-- phpMyAdmin SQL Dump
-- version 5.1.1
-- https://www.phpmyadmin.net/
--
-- Host: 127.0.0.1
-- Generation Time: Jan 04, 2022 at 03:48 AM
-- Server version: 10.4.21-MariaDB
-- PHP Version: 7.3.31

SET SQL_MODE = "NO_AUTO_VALUE_ON_ZERO";
START TRANSACTION;
SET time_zone = "+00:00";


/*!40101 SET @OLD_CHARACTER_SET_CLIENT=@@CHARACTER_SET_CLIENT */;
/*!40101 SET @OLD_CHARACTER_SET_RESULTS=@@CHARACTER_SET_RESULTS */;
/*!40101 SET @OLD_COLLATION_CONNECTION=@@COLLATION_CONNECTION */;
/*!40101 SET NAMES utf8mb4 */;

--
-- Database: `q&a`
--

-- --------------------------------------------------------

--
-- Table structure for table `answers`
--

CREATE TABLE `answers` (
  `answerno` int(255) NOT NULL,
  `question_id` int(11) NOT NULL,
  `questioner_id` int(255) NOT NULL,
  `responder_id` int(255) NOT NULL,
  `post` varchar(5000) NOT NULL,
  `votecount` int(11) NOT NULL DEFAULT 0
) ENGINE=InnoDB DEFAULT CHARSET=utf8mb4;

--
-- Dumping data for table `answers`
--

INSERT INTO `answers` (`answerno`, `question_id`, `questioner_id`, `responder_id`, `post`, `votecount`) VALUES
(1, 1, 527405275, 267696010, 'good things', 0),
(2, 1, 527405275, 267696010, 'Need more than one icon for your alerts? Consider using more Bootstrap Icons and making a local SVG sprite like so to easily reference the same icons repeatedly.', 1),
(3, 1, 527405275, 527405275, 'Need more than one icon for your alerts? Consider using more Bootstrap Icons and making a local SVG sprite like so to easily reference the same icons repeatedly.kkkkkk', 0),
(4, 1, 527405275, 1588575141, 'When an alert is dismissed, the element is completely removed from the page structure. If a keyboard user dismisses the alert using the close button, their focus will suddenly be lost and, depending on the browser, reset to the start of the page/document. For this reason, we recommend including additional JavaScript that listens for the closed.bs.alert event and programmatically sets focus() to the most appropriate location in the page. If you’re planning to move focus to a non-interactive element that normally does not receive focus, make sure to add tabindex=\"-1\" to the element.', 2),
(5, 2, 1588575141, 527405275, 'valo', 3),
(6, 2, 1588575141, 1588575141, 'kamon valo?', 0),
(7, 1, 527405275, 1588575141, 'lollolo', 0),
(8, 3, 197018434, 197018434, 'no', 0),
(9, 3, 197018434, 197018434, 'hy not', 1),
(10, 2, 1588575141, 527405275, 'jujuburi', -3),
(11, 2, 1588575141, 527405275, 'jijiji', 0),
(12, 4, 527405275, 527405275, 'lovely', 1),
(13, 4, 527405275, 527405275, 'not lovely', 2),
(14, 4, 527405275, 527405275, ' ', 0),
(15, 4, 527405275, 527405275, '  ', 0),
(16, 4, 527405275, 527405275, 'rr', 0);

-- --------------------------------------------------------

--
-- Table structure for table `banned`
--

CREATE TABLE `banned` (
  `swearwords` text NOT NULL
) ENGINE=InnoDB DEFAULT CHARSET=utf8mb4;

--
-- Dumping data for table `banned`
--

INSERT INTO `banned` (`swearwords`) VALUES
('abbo'),
('abo'),
('abortion'),
('abuse'),
('addict'),
('addicts'),
('adult'),
('africa'),
('african'),
('alla'),
('allah'),
('alligatorbait'),
('amateur'),
('american'),
('anal'),
('analannie'),
('analsex'),
('angie'),
('angry'),
('anus'),
('arab'),
('arabs'),
('areola'),
('argie'),
('aroused'),
('arse'),
('arsehole'),
('asian'),
('ass'),
('assassin'),
('assassinate'),
('assassination'),
('assault'),
('assbagger'),
('assblaster'),
('assclown'),
('asscowboy'),
('asses'),
('assfuck'),
('assfucker'),
('asshat'),
('asshole'),
('assholes'),
('asshore'),
('assjockey'),
('asskiss'),
('asskisser'),
('assklown'),
('asslick'),
('asslicker'),
('asslover'),
('assman'),
('assmonkey'),
('assmunch'),
('assmuncher'),
('asspacker'),
('asspirate'),
('asspuppies'),
('assranger'),
('asswhore'),
('asswipe'),
('athletesfoot'),
('attack'),
('australian'),
('babe'),
('babies'),
('backdoor'),
('backdoorman'),
('backseat'),
('badfuck'),
('balllicker'),
('balls'),
('ballsack'),
('banging'),
('baptist'),
('barelylegal'),
('barf'),
('barface'),
('barfface'),
('bast'),
('bastard '),
('bazongas'),
('bazooms'),
('beaner'),
('beast'),
('beastality'),
('beastial'),
('beastiality'),
('beatoff'),
('beat-off'),
('beatyourmeat'),
('beaver'),
('bestial'),
('bestiality'),
('bi'),
('biatch'),
('bible'),
('bicurious'),
('bigass'),
('bigbastard'),
('bigbutt'),
('bigger'),
('bisexual'),
('bi-sexual'),
('bitch'),
('bitcher'),
('bitches'),
('bitchez'),
('bitchin'),
('bitching'),
('bitchslap'),
('bitchy'),
('biteme'),
('black'),
('blackman'),
('blackout'),
('blacks'),
('blind'),
('blow'),
('blowjob'),
('boang'),
('bogan'),
('bohunk'),
('bollick'),
('bollock'),
('bomb'),
('bombers'),
('bombing'),
('bombs'),
('bomd'),
('bondage'),
('boner'),
('bong'),
('boob'),
('boobies'),
('boobs'),
('booby'),
('boody'),
('boom'),
('boong'),
('boonga'),
('boonie'),
('booty'),
('bootycall'),
('bountybar'),
('bra'),
('brea5t'),
('breast'),
('breastjob'),
('breastlover'),
('breastman'),
('brothel'),
('bugger'),
('buggered'),
('buggery'),
('bullcrap'),
('bulldike'),
('bulldyke'),
('bullshit'),
('bumblefuck'),
('bumfuck'),
('bunga'),
('bunghole'),
('buried'),
('burn'),
('butchbabes'),
('butchdike'),
('butchdyke'),
('butt'),
('buttbang'),
('butt-bang'),
('buttface'),
('buttfuck'),
('butt-fuck'),
('buttfucker'),
('butt-fucker'),
('buttfuckers'),
('butt-fuckers'),
('butthead'),
('buttman'),
('buttmunch'),
('buttmuncher'),
('buttpirate'),
('buttplug'),
('buttstain'),
('byatch'),
('cacker'),
('cameljockey'),
('cameltoe'),
('canadian'),
('cancer'),
('carpetmuncher'),
('carruth'),
('catholic'),
('catholics'),
('cemetery'),
('chav'),
('cherrypopper'),
('chickslick'),
('children\'s'),
('chin'),
('chinaman'),
('chinamen'),
('chinese'),
('chink'),
('chinky'),
('choad'),
('chode'),
('christ'),
('christian'),
('church'),
('cigarette'),
('cigs'),
('clamdigger'),
('clamdiver'),
('clit'),
('clitoris'),
('clogwog'),
('cocaine'),
('cock'),
('cockblock'),
('cockblocker'),
('cockcowboy'),
('cockfight'),
('cockhead'),
('cockknob'),
('cocklicker'),
('cocklover'),
('cocknob'),
('cockqueen'),
('cockrider'),
('cocksman'),
('cocksmith'),
('cocksmoker'),
('cocksucer'),
('cocksuck '),
('cocksucked '),
('cocksucker'),
('cocksucking'),
('cocktail'),
('cocktease'),
('cocky'),
('cohee'),
('coitus'),
('color'),
('colored'),
('coloured'),
('commie'),
('communist'),
('condom'),
('conservative'),
('conspiracy'),
('coolie'),
('cooly'),
('coon'),
('coondog'),
('copulate'),
('cornhole'),
('corruption'),
('cra5h'),
('crabs'),
('crack'),
('crackpipe'),
('crackwhore'),
('crack-whore'),
('crap'),
('crapola'),
('crapper'),
('crappy'),
('crash'),
('creamy'),
('crime'),
('crimes'),
('criminal'),
('criminals'),
('crotch'),
('crotchjockey'),
('crotchmonkey'),
('crotchrot'),
('cum'),
('cumbubble'),
('cumfest'),
('cumjockey'),
('cumm'),
('cummer'),
('cumming'),
('cumquat'),
('cumqueen'),
('cumshot'),
('cunilingus'),
('cunillingus'),
('cunn'),
('cunnilingus'),
('cunntt'),
('cunt'),
('cunteyed'),
('cuntfuck'),
('cuntfucker'),
('cuntlick '),
('cuntlicker '),
('cuntlicking '),
('cuntsucker'),
('cybersex'),
('cyberslimer'),
('dago'),
('dahmer'),
('dammit'),
('damn'),
('damnation'),
('damnit'),
('darkie'),
('darky'),
('datnigga'),
('dead'),
('deapthroat'),
('death'),
('deepthroat'),
('defecate'),
('dego'),
('demon'),
('deposit'),
('desire'),
('destroy'),
('deth'),
('devil'),
('devilworshipper'),
('dick'),
('dickbrain'),
('dickforbrains'),
('dickhead'),
('dickless'),
('dicklick'),
('dicklicker'),
('dickman'),
('dickwad'),
('dickweed'),
('diddle'),
('die'),
('died'),
('dies'),
('dike'),
('dildo'),
('dingleberry'),
('dink'),
('dipshit'),
('dipstick'),
('dirty'),
('disease'),
('diseases'),
('disturbed'),
('dive'),
('dix'),
('dixiedike'),
('dixiedyke'),
('doggiestyle'),
('doggystyle'),
('dong'),
('doodoo'),
('doo-doo'),
('doom'),
('dope'),
('dragqueen'),
('dragqween'),
('dripdick'),
('drug'),
('drunk'),
('drunken'),
('dumb'),
('dumbass'),
('dumbbitch'),
('dumbfuck'),
('dyefly'),
('dyke'),
('easyslut'),
('eatballs'),
('eatme'),
('eatpussy'),
('ecstacy'),
('ejaculate'),
('ejaculated'),
('ejaculating '),
('ejaculation'),
('enema'),
('enemy'),
('erect'),
('erection'),
('ero'),
('escort'),
('ethiopian'),
('ethnic'),
('european'),
('evl'),
('excrement'),
('execute'),
('executed'),
('execution'),
('executioner'),
('explosion'),
('facefucker'),
('faeces'),
('fag'),
('fagging'),
('faggot'),
('fagot'),
('failed'),
('failure'),
('fairies'),
('fairy'),
('faith'),
('fannyfucker'),
('fart'),
('farted '),
('farting '),
('farty '),
('fastfuck'),
('fat'),
('fatah'),
('fatass'),
('fatfuck'),
('fatfucker'),
('fatso'),
('fckcum'),
('fear'),
('feces'),
('felatio '),
('felch'),
('felcher'),
('felching'),
('fellatio'),
('feltch'),
('feltcher'),
('feltching'),
('fetish'),
('fight'),
('filipina'),
('filipino'),
('fingerfood'),
('fingerfuck '),
('fingerfucked '),
('fingerfucker '),
('fingerfuckers'),
('fingerfucking '),
('fire'),
('firing'),
('fister'),
('fistfuck'),
('fistfucked '),
('fistfucker '),
('fistfucking '),
('fisting'),
('flange'),
('flasher'),
('flatulence'),
('floo'),
('flydie'),
('flydye'),
('fok'),
('fondle'),
('footaction'),
('footfuck'),
('footfucker'),
('footlicker'),
('footstar'),
('fore'),
('foreskin'),
('forni'),
('fornicate'),
('foursome'),
('fourtwenty'),
('fraud'),
('freakfuck'),
('freakyfucker'),
('freefuck'),
('fu'),
('fubar'),
('fuc'),
('fucck'),
('fuck'),
('fucka'),
('fuckable'),
('fuckbag'),
('fuckbuddy'),
('fucked'),
('fuckedup'),
('fucker'),
('fuckers'),
('fuckface'),
('fuckfest'),
('fuckfreak'),
('fuckfriend'),
('fuckhead'),
('fuckher'),
('fuckin'),
('fuckina'),
('fucking'),
('fuckingbitch'),
('fuckinnuts'),
('fuckinright'),
('fuckit'),
('fuckknob'),
('fuckme '),
('fuckmehard'),
('fuckmonkey'),
('fuckoff'),
('fuckpig'),
('fucks'),
('fucktard'),
('fuckwhore'),
('fuckyou'),
('fudgepacker'),
('fugly'),
('fuk'),
('fuks'),
('funeral'),
('funfuck'),
('fungus'),
('fuuck'),
('gangbang'),
('gangbanged '),
('gangbanger'),
('gangsta'),
('gatorbait'),
('gay'),
('gaymuthafuckinwhore'),
('gaysex '),
('geez'),
('geezer'),
('geni'),
('genital'),
('german'),
('getiton'),
('gin'),
('ginzo'),
('gipp'),
('girls'),
('givehead'),
('glazeddonut'),
('gob'),
('god'),
('godammit'),
('goddamit'),
('goddammit'),
('goddamn'),
('goddamned'),
('goddamnes'),
('goddamnit'),
('goddamnmuthafucker'),
('goldenshower'),
('gonorrehea'),
('gonzagas'),
('gook'),
('gotohell'),
('goy'),
('goyim'),
('greaseball'),
('gringo'),
('groe'),
('gross'),
('grostulation'),
('gubba'),
('gummer'),
('gun'),
('gyp'),
('gypo'),
('gypp'),
('gyppie'),
('gyppo'),
('gyppy'),
('hamas'),
('handjob'),
('hapa'),
('harder'),
('hardon'),
('harem'),
('headfuck'),
('headlights'),
('hebe'),
('heeb'),
('hell'),
('henhouse'),
('heroin'),
('herpes'),
('heterosexual'),
('hijack'),
('hijacker'),
('hijacking'),
('hillbillies'),
('hindoo'),
('hiscock'),
('hitler'),
('hitlerism'),
('hitlerist'),
('hiv'),
('ho'),
('hobo'),
('hodgie'),
('hoes'),
('hole'),
('holestuffer'),
('homicide'),
('homo'),
('homobangers'),
('homosexual'),
('honger'),
('honk'),
('honkers'),
('honkey'),
('honky'),
('hook'),
('hooker'),
('hookers'),
('hooters'),
('hore'),
('hork'),
('horn'),
('horney'),
('horniest'),
('horny'),
('horseshit'),
('hosejob'),
('hoser'),
('hostage'),
('hotdamn'),
('hotpussy'),
('hottotrot'),
('hummer'),
('husky'),
('hussy'),
('hustler'),
('hymen'),
('hymie'),
('iblowu'),
('idiot'),
('ikey'),
('illegal'),
('incest'),
('insest'),
('intercourse'),
('interracial'),
('intheass'),
('inthebuff'),
('israel'),
('israeli'),
('israel\'s'),
('italiano'),
('itch'),
('jackass'),
('jackoff'),
('jackshit'),
('jacktheripper'),
('jade'),
('jap'),
('japanese'),
('japcrap'),
('jebus'),
('jeez'),
('jerkoff'),
('jesus'),
('jesuschrist'),
('jew'),
('jewish'),
('jiga'),
('jigaboo'),
('jigg'),
('jigga'),
('jiggabo'),
('jigger '),
('jiggy'),
('jihad'),
('jijjiboo'),
('jimfish'),
('jism'),
('jiz '),
('jizim'),
('jizjuice'),
('jizm '),
('jizz'),
('jizzim'),
('jizzum'),
('joint'),
('juggalo'),
('jugs'),
('junglebunny'),
('kaffer'),
('kaffir'),
('kaffre'),
('kafir'),
('kanake'),
('kid'),
('kigger'),
('kike'),
('kill'),
('killed'),
('killer'),
('killing'),
('kills'),
('kink'),
('kinky'),
('kissass'),
('kkk'),
('knife'),
('knockers'),
('kock'),
('kondum'),
('koon'),
('kotex'),
('krap'),
('krappy'),
('kraut'),
('kum'),
('kumbubble'),
('kumbullbe'),
('kummer'),
('kumming'),
('kumquat'),
('kums'),
('kunilingus'),
('kunnilingus'),
('kunt'),
('ky'),
('kyke'),
('lactate'),
('laid'),
('lapdance'),
('latin'),
('lesbain'),
('lesbayn'),
('lesbian'),
('lesbin'),
('lesbo'),
('lez'),
('lezbe'),
('lezbefriends'),
('lezbo'),
('lezz'),
('lezzo'),
('liberal'),
('libido'),
('licker'),
('lickme'),
('lies'),
('limey'),
('limpdick'),
('limy'),
('lingerie'),
('liquor'),
('livesex'),
('loadedgun'),
('lolita'),
('looser'),
('loser'),
('lotion'),
('lovebone'),
('lovegoo'),
('lovegun'),
('lovejuice'),
('lovemuscle'),
('lovepistol'),
('loverocket'),
('lowlife'),
('lsd'),
('lubejob'),
('lucifer'),
('luckycammeltoe'),
('lugan'),
('lynch'),
('macaca'),
('mad'),
('mafia'),
('magicwand'),
('mams'),
('manhater'),
('manpaste'),
('marijuana'),
('mastabate'),
('mastabater'),
('masterbate'),
('masterblaster'),
('mastrabator'),
('masturbate'),
('masturbating'),
('mattressprincess'),
('meatbeatter'),
('meatrack'),
('meth'),
('mexican'),
('mgger'),
('mggor'),
('mickeyfinn'),
('mideast'),
('milf'),
('minority'),
('mockey'),
('mockie'),
('mocky'),
('mofo'),
('moky'),
('moles'),
('molest'),
('molestation'),
('molester'),
('molestor'),
('moneyshot'),
('mooncricket'),
('mormon'),
('moron'),
('moslem'),
('mosshead'),
('mothafuck'),
('mothafucka'),
('mothafuckaz'),
('mothafucked '),
('mothafucker'),
('mothafuckin'),
('mothafucking '),
('mothafuckings'),
('motherfuck'),
('motherfucked'),
('motherfucker'),
('motherfuckin'),
('motherfucking'),
('motherfuckings'),
('motherlovebone'),
('muff'),
('muffdive'),
('muffdiver'),
('muffindiver'),
('mufflikcer'),
('mulatto'),
('muncher'),
('munt'),
('murder'),
('murderer'),
('muslim'),
('naked'),
('narcotic'),
('nasty'),
('nastybitch'),
('nastyho'),
('nastyslut'),
('nastywhore'),
('nazi'),
('necro'),
('negro'),
('negroes'),
('negroid'),
('negro\'s'),
('nig'),
('niger'),
('nigerian'),
('nigerians'),
('nigg'),
('nigga'),
('niggah'),
('niggaracci'),
('niggard'),
('niggarded'),
('niggarding'),
('niggardliness'),
('niggardliness\'s'),
('niggardly'),
('niggards'),
('niggard\'s'),
('niggaz'),
('nigger'),
('niggerhead'),
('niggerhole'),
('niggers'),
('nigger\'s'),
('niggle'),
('niggled'),
('niggles'),
('niggling'),
('nigglings'),
('niggor'),
('niggur'),
('niglet'),
('nignog'),
('nigr'),
('nigra'),
('nigre'),
('nip'),
('nipple'),
('nipplering'),
('nittit'),
('nlgger'),
('nlggor'),
('nofuckingway'),
('nook'),
('nookey'),
('nookie'),
('noonan'),
('nooner'),
('nude'),
('nudger'),
('nuke'),
('nutfucker'),
('nymph'),
('ontherag'),
('oral'),
('orga'),
('orgasim '),
('orgasm'),
('orgies'),
('orgy'),
('osama'),
('paki'),
('palesimian'),
('palestinian'),
('pansies'),
('pansy'),
('panti'),
('panties'),
('payo'),
('pearlnecklace'),
('peck'),
('pecker'),
('peckerwood'),
('pee'),
('peehole'),
('pee-pee'),
('peepshow'),
('peepshpw'),
('pendy'),
('penetration'),
('peni5'),
('penile'),
('penis'),
('penises'),
('penthouse'),
('period'),
('perv'),
('phonesex'),
('phuk'),
('phuked'),
('phuking'),
('phukked'),
('phukking'),
('phungky'),
('phuq'),
('pi55'),
('picaninny'),
('piccaninny'),
('pickaninny'),
('piker'),
('pikey'),
('piky'),
('pimp'),
('pimped'),
('pimper'),
('pimpjuic'),
('pimpjuice'),
('pimpsimp'),
('pindick'),
('piss'),
('pissed'),
('pisser'),
('pisses '),
('pisshead'),
('pissin '),
('pissing'),
('pissoff '),
('pistol'),
('pixie'),
('pixy'),
('playboy'),
('playgirl'),
('pocha'),
('pocho'),
('pocketpool'),
('pohm'),
('polack'),
('pom'),
('pommie'),
('pommy'),
('poo'),
('poon'),
('poontang'),
('poop'),
('pooper'),
('pooperscooper'),
('pooping'),
('poorwhitetrash'),
('popimp'),
('porchmonkey'),
('porn'),
('pornflick'),
('pornking'),
('porno'),
('pornography'),
('pornprincess'),
('pot'),
('poverty'),
('premature'),
('pric'),
('prick'),
('prickhead'),
('primetime'),
('propaganda'),
('pros'),
('prostitute'),
('protestant'),
('pu55i'),
('pu55y'),
('pube'),
('pubic'),
('pubiclice'),
('pud'),
('pudboy'),
('pudd'),
('puddboy'),
('puke'),
('puntang'),
('purinapricness'),
('puss'),
('pussie'),
('pussies'),
('pussy'),
('pussycat'),
('pussyeater'),
('pussyfucker'),
('pussylicker'),
('pussylips'),
('pussylover'),
('pussypounder'),
('pusy'),
('quashie'),
('queef'),
('queer'),
('quickie'),
('quim'),
('ra8s'),
('rabbi'),
('racial'),
('racist'),
('radical'),
('radicals'),
('raghead'),
('randy'),
('rape'),
('raped'),
('raper'),
('rapist'),
('rearend'),
('rearentry'),
('rectum'),
('redlight'),
('redneck'),
('reefer'),
('reestie'),
('refugee'),
('reject'),
('remains'),
('rentafuck'),
('republican'),
('rere'),
('retard'),
('retarded'),
('ribbed'),
('rigger'),
('rimjob'),
('rimming'),
('roach'),
('robber'),
('roundeye'),
('rump'),
('russki'),
('russkie'),
('sadis'),
('sadom'),
('samckdaddy'),
('sandm'),
('sandnigger'),
('satan'),
('scag'),
('scallywag'),
('scat'),
('schlong'),
('screw'),
('screwyou'),
('scrotum'),
('scum'),
('semen'),
('seppo'),
('servant'),
('sex'),
('sexed'),
('sexfarm'),
('sexhound'),
('sexhouse'),
('sexing'),
('sexkitten'),
('sexpot'),
('sexslave'),
('sextogo'),
('sextoy'),
('sextoys'),
('sexual'),
('sexually'),
('sexwhore'),
('sexy'),
('sexymoma'),
('sexy-slim'),
('shag'),
('shaggin'),
('shagging'),
('shat'),
('shav'),
('shawtypimp'),
('sheeney'),
('shhit'),
('shinola'),
('shit'),
('shitcan'),
('shitdick'),
('shite'),
('shiteater'),
('shited'),
('shitface'),
('shitfaced'),
('shitfit'),
('shitforbrains'),
('shitfuck'),
('shitfucker'),
('shitfull'),
('shithapens'),
('shithappens'),
('shithead'),
('shithouse'),
('shiting'),
('shitlist'),
('shitola'),
('shitoutofluck'),
('shits'),
('shitstain'),
('shitted'),
('shitter'),
('shitting'),
('shitty '),
('shoot'),
('shooting'),
('shortfuck'),
('showtime'),
('sick'),
('sissy'),
('sixsixsix'),
('sixtynine'),
('sixtyniner'),
('skank'),
('skankbitch'),
('skankfuck'),
('skankwhore'),
('skanky'),
('skankybitch'),
('skankywhore'),
('skinflute'),
('skum'),
('skumbag'),
('slant'),
('slanteye'),
('slapper'),
('slaughter'),
('slav'),
('slave'),
('slavedriver'),
('sleezebag'),
('sleezeball'),
('slideitin'),
('slime'),
('slimeball'),
('slimebucket'),
('slopehead'),
('slopey'),
('slopy'),
('slut'),
('sluts'),
('slutt'),
('slutting'),
('slutty'),
('slutwear'),
('slutwhore'),
('smack'),
('smackthemonkey'),
('smut'),
('snatch'),
('snatchpatch'),
('snigger'),
('sniggered'),
('sniggering'),
('sniggers'),
('snigger\'s'),
('sniper'),
('snot'),
('snowback'),
('snownigger'),
('sob'),
('sodom'),
('sodomise'),
('sodomite'),
('sodomize'),
('sodomy'),
('sonofabitch'),
('sonofbitch'),
('sooty'),
('sos'),
('soviet'),
('spaghettibender'),
('spaghettinigger'),
('spank'),
('spankthemonkey'),
('sperm'),
('spermacide'),
('spermbag'),
('spermhearder'),
('spermherder'),
('spic'),
('spick'),
('spig'),
('spigotty'),
('spik'),
('spit'),
('spitter'),
('splittail'),
('spooge'),
('spreadeagle'),
('spunk'),
('spunky'),
('squaw'),
('stagg'),
('stiffy'),
('strapon'),
('stringer'),
('stripclub'),
('stroke'),
('stroking'),
('stupid'),
('stupidfuck'),
('stupidfucker'),
('suck'),
('suckdick'),
('sucker'),
('suckme'),
('suckmyass'),
('suckmydick'),
('suckmytit'),
('suckoff'),
('suicide'),
('swallow'),
('swallower'),
('swalow'),
('swastika'),
('sweetness'),
('syphilis'),
('taboo'),
('taff'),
('tampon'),
('tang'),
('tantra'),
('tarbaby'),
('tard'),
('teat'),
('terror'),
('terrorist'),
('teste'),
('testicle'),
('testicles'),
('thicklips'),
('thirdeye'),
('thirdleg'),
('threesome'),
('threeway'),
('timbernigger'),
('tinkle'),
('tit'),
('titbitnipply'),
('titfuck'),
('titfucker'),
('titfuckin'),
('titjob'),
('titlicker'),
('titlover'),
('tits'),
('tittie'),
('titties'),
('titty'),
('tnt'),
('toilet'),
('tongethruster'),
('tongue'),
('tonguethrust'),
('tonguetramp'),
('tortur'),
('torture'),
('tosser'),
('towelhead'),
('trailertrash'),
('tramp'),
('trannie'),
('tranny'),
('transexual'),
('transsexual'),
('transvestite'),
('triplex'),
('trisexual'),
('trojan'),
('trots'),
('tuckahoe'),
('tunneloflove'),
('turd'),
('turnon'),
('twat'),
('twink'),
('twinkie'),
('twobitwhore'),
('uck'),
('uk'),
('unfuckable'),
('upskirt'),
('uptheass'),
('upthebutt'),
('urinary'),
('urinate'),
('urine'),
('usama'),
('uterus'),
('vagina'),
('vaginal'),
('vatican'),
('vibr'),
('vibrater'),
('vibrator'),
('vietcong'),
('violence'),
('virgin'),
('virginbreaker'),
('vomit'),
('vulva'),
('wab'),
('wank'),
('wanker'),
('wanking'),
('waysted'),
('weapon'),
('weenie'),
('weewee'),
('welcher'),
('welfare'),
('wetb'),
('wetback'),
('wetspot'),
('whacker'),
('whash'),
('whigger'),
('whiskey'),
('whiskeydick'),
('whiskydick'),
('whit'),
('whitenigger'),
('whites'),
('whitetrash'),
('whitey'),
('whiz'),
('whop'),
('whore'),
('whorefucker'),
('whorehouse'),
('wigger'),
('willie'),
('williewanker'),
('willy'),
('wn'),
('wog'),
('women\'s'),
('wop'),
('wtf'),
('wuss'),
('wuzzie'),
('xtc'),
('xxx'),
('yankee'),
('yellowman'),
('zigabo'),
('zipperhead'),
('naughty'),
('bang');

-- --------------------------------------------------------

--
-- Table structure for table `comments`
--

CREATE TABLE `comments` (
  `commentno` int(255) NOT NULL,
  `answer_id` int(11) NOT NULL,
  `commenter_id` int(255) NOT NULL,
  `responder_id` int(255) NOT NULL,
  `comment` varchar(5000) NOT NULL,
  `astatus` int(11) NOT NULL DEFAULT 0
) ENGINE=InnoDB DEFAULT CHARSET=utf8mb4;

--
-- Dumping data for table `comments`
--

INSERT INTO `comments` (`commentno`, `answer_id`, `commenter_id`, `responder_id`, `comment`, `astatus`) VALUES
(1, 10, 527405275, 527405275, 'ki', 0),
(2, 10, 527405275, 527405275, 'kamoj dilam', 0),
(3, 8, 197018434, 527405275, 'lol', 0),
(4, 4, 1588575141, 527405275, 'he he', 0),
(5, 8, 197018434, 527405275, 'apni lol', 0);

-- --------------------------------------------------------

--
-- Table structure for table `questions`
--

CREATE TABLE `questions` (
  `questionno` int(255) NOT NULL,
  `question_user_id` int(255) NOT NULL,
  `question` varchar(5000) NOT NULL,
  `qstatus` int(11) NOT NULL DEFAULT 0
) ENGINE=InnoDB DEFAULT CHARSET=utf8mb4;

--
-- Dumping data for table `questions`
--

INSERT INTO `questions` (`questionno`, `question_user_id`, `question`, `qstatus`) VALUES
(1, 527405275, 'what is machine learning', 0),
(2, 1588575141, 'ki obosta', 0),
(3, 197018434, 'Are you a gamer?', 0),
(4, 527405275, 'love', 0);

-- --------------------------------------------------------

--
-- Table structure for table `users`
--

CREATE TABLE `users` (
  `username` varchar(255) NOT NULL,
  `fname` varchar(255) NOT NULL,
  `lname` varchar(255) NOT NULL,
  `email` varchar(255) NOT NULL,
  `password` varchar(255) NOT NULL,
  `unique_id` int(200) NOT NULL,
  `role_as` int(20) NOT NULL DEFAULT 0,
  `status` int(11) NOT NULL DEFAULT 0,
  `date` datetime NOT NULL DEFAULT current_timestamp()
) ENGINE=InnoDB DEFAULT CHARSET=utf8mb4;

--
-- Dumping data for table `users`
--

INSERT INTO `users` (`username`, `fname`, `lname`, `email`, `password`, `unique_id`, `role_as`, `status`, `date`) VALUES
('HelbertWilliamm', 'Helbert', 'William', 'h@h', '$2y$10$qqeogtiOngzQZoRkJlW1bOBB29at1P5bhINpP4wHoXRQe7iB4ofZO', 1418102595, 0, 0, '2021-12-05 15:37:05'),
('SumitKundu', 'sumit', 'kunduu', 'kundu@gmail.com', '$2y$10$cHf5K1RcOcqQ0Qcr5q5BeerwngMQMdOm5H8gh8rzeYvWwL/uFIHzi', 1473957814, 0, 0, '2021-11-26 08:25:06'),
('MohammadSalah', 'Mohammad', 'Salah', 'mosalah@gmail.com', '$2y$10$Rjn1qSC4KjkD9DyQHGipBuzVZ2rOHv3QawIhQ/6fkVbQTNba6LbmO', 197018434, 0, 0, '2021-12-05 16:08:30'),
('niloy', 'niloy', 'alam', 'n@n', '$2y$10$ORH6QKax9rqRqub7SmZKvemyiFaZpRmO5baBHDZDnaw9Nuh4FUz5G', 267696010, 1, 1, '2021-11-27 19:05:40'),
('ShahriarImon', 'Shahriar', 'Imon', 'rabbi0268@gmail.com', '$2y$10$E0z5w/cpqMPWEA3BtjjyV.F.W7OxiopS6SrYjwecdyAlWC.B9Pple', 64063051, 1, 1, '2021-12-03 09:54:51'),
('ridoy', 'arif', 'hasnat', 'ridoy@gmail.com', '$2y$10$7uHdnsvpRNVPog6ngsLCEOSN6sNV1/iu4oTuYd2l6J.ij4EvxOBRC', 527405275, 0, 1, '2021-11-27 08:09:15'),
('SadioMane', 'Sadio', 'Mane', 'SadioMane@gmail.com', '$2y$10$ZioI2pZGMG31MuLtyjhhmenz.WPJTIVFj3NXn.y33E1ejFFkc3hWS', 1588575141, 0, 1, '2021-11-28 16:46:20'),
('TuhinIslam', 'Tuhin', 'Islam', 't@t', '$2y$10$UZxi257cvJSGXh7VwdCyYeOlIUazIi951wTWu/z.T3PJN82dCxC9O', 1103870058, 0, 1, '2021-12-02 21:16:18');

--
-- Indexes for dumped tables
--

--
-- Indexes for table `answers`
--
ALTER TABLE `answers`
  ADD PRIMARY KEY (`answerno`),
  ADD UNIQUE KEY `post` (`post`) USING HASH;

--
-- Indexes for table `comments`
--
ALTER TABLE `comments`
  ADD PRIMARY KEY (`commentno`),
  ADD UNIQUE KEY `post` (`comment`) USING HASH;

--
-- Indexes for table `questions`
--
ALTER TABLE `questions`
  ADD PRIMARY KEY (`questionno`),
  ADD UNIQUE KEY `question` (`question`) USING HASH;

--
-- Indexes for table `users`
--
ALTER TABLE `users`
  ADD PRIMARY KEY (`email`),
  ADD UNIQUE KEY `username` (`username`),
  ADD UNIQUE KEY `email` (`email`),
  ADD UNIQUE KEY `unique_id` (`unique_id`);

--
-- AUTO_INCREMENT for dumped tables
--

--
-- AUTO_INCREMENT for table `answers`
--
ALTER TABLE `answers`
  MODIFY `answerno` int(255) NOT NULL AUTO_INCREMENT, AUTO_INCREMENT=17;

--
-- AUTO_INCREMENT for table `comments`
--
ALTER TABLE `comments`
  MODIFY `commentno` int(255) NOT NULL AUTO_INCREMENT, AUTO_INCREMENT=6;

--
-- AUTO_INCREMENT for table `questions`
--
ALTER TABLE `questions`
  MODIFY `questionno` int(255) NOT NULL AUTO_INCREMENT, AUTO_INCREMENT=5;
COMMIT;

/*!40101 SET CHARACTER_SET_CLIENT=@OLD_CHARACTER_SET_CLIENT */;
/*!40101 SET CHARACTER_SET_RESULTS=@OLD_CHARACTER_SET_RESULTS */;
/*!40101 SET COLLATION_CONNECTION=@OLD_COLLATION_CONNECTION */;
